rank;title;platform;playtime_hours;playtime_is_minimum;playtime_original;rating;release_year;genre;game_url;cover_url;cover_source_url
1;Celeste;PC;400;FALSE;400;10;2018;Platform;https://www.igdb.com/games/celeste;https://cdn2.steamgriddb.com/grid/a7e862a941c24a7b2198b708a9f3f426.png;https://www.steamgriddb.com/search/grids?term=Celeste
2;Hollow Knight: Silksong;PC;100;FALSE;100;10;2025;Platform / Adventure;https://www.igdb.com/games/hollow-knight-silksong;https://cdn2.steamgriddb.com/grid/352b19056ce934568b956d68cbcde3b5.png;https://www.steamgriddb.com/search/grids?term=Hollow%20Knight%20Silksong
3;Custom Robo Arena;Nintendo DS;45;FALSE;45;9,9;2006;Fighting / RPG;https://www.igdb.com/games/custom-robo-arena;https://cdn2.steamgriddb.com/grid/5d06c54c3d86f8eeffd5654da9bf5b02.png;https://www.steamgriddb.com/search/grids?term=Custom%20Robo%20Arena
4;Call of Duty: Black Ops II;PlayStation 3;1000;FALSE;1000;9,9;2012;Shooter;https://www.igdb.com/games/call-of-duty-black-ops-ii;https://cdn2.steamgriddb.com/grid/9a1d4d4f8ae91d0f0b478cca17e68b43.png;https://www.steamgriddb.com/search/grids?term=Call%20of%20Duty%20Black%20Ops%20II
5;Hollow Knight;PC;100;FALSE;100;9,9;2017;Platform / Adventure;https://www.igdb.com/games/hollow-knight;https://cdn2.steamgriddb.com/grid/d18c832e8c956b4ef8b92862e6bf470d.png;https://www.steamgriddb.com/search/grids?term=Hollow%20Knight
6;Overwatch;PC;1500;FALSE;1500;9,9;2016;Shooter;https://www.igdb.com/games/overwatch;https://cdn2.steamgriddb.com/grid/20e29904d611f1e9dd8728bcae233854.png;https://www.steamgriddb.com/search/grids?term=Overwatch
7;Need for Speed: Most Wanted;PC;200;FALSE;200;9,9;2005;Racing;https://www.igdb.com/games/need-for-speed-most-wanted;https://cdn2.steamgriddb.com/grid/09e61768e56037a936fa0dbc5bf0e96f.png;https://www.steamgriddb.com/search/grids?term=Need%20for%20Speed%20Most%20Wanted%202005
8;Teamfight Tactics;PC;20000;FALSE;20000;9,7;2019;Strategy;https://www.igdb.com/games/teamfight-tactics;https://cdn2.steamgriddb.com/grid/fdf4a86a7010a62c270ca1f10552501a.png;https://www.steamgriddb.com/search/grids?term=Teamfight%20Tactics
9;The Legend of Zelda: Breath of the Wild;Nintendo Switch;90;FALSE;90;9,6;2017;Adventure;https://www.igdb.com/games/the-legend-of-zelda-breath-of-the-wild;https://cdn2.steamgriddb.com/grid/121b81f7d167ca2c24fdab4f044048f8.png;https://www.steamgriddb.com/search/grids?term=The%20Legend%20of%20Zelda%20Breath%20of%20the%20Wild
10;Pokémon Platinum Version;Nintendo DS;75;FALSE;75;9,5;2008;Role-playing (RPG);https://www.igdb.com/games/pokemon-platinum-version;https://cdn2.steamgriddb.com/grid/293d4b3062d071218312a5eb322a3a47.png;https://www.steamgriddb.com/search/grids?term=Pokemon%20Platinum%20Version
11;League of Legends;PC;5000;FALSE;5000;9,4;2009;MOBA;https://www.igdb.com/games/league-of-legends;https://cdn2.steamgriddb.com/grid/cf29ee336b07c0572c810f62f5543525.png;https://www.steamgriddb.com/search/grids?term=League%20of%20Legends
12;Mario Kart DS;Nintendo DS;45;FALSE;45;9,4;2005;Racing;https://www.igdb.com/games/mario-kart-ds;https://cdn2.steamgriddb.com/grid/3eed6d27b0b2dd008c1be88cce8245fc.png;https://www.steamgriddb.com/search/grids?term=Mario%20Kart%20DS
13;Mario Kart World;Nintendo Switch 2;200;FALSE;200;9,4;2025;Racing;https://www.igdb.com/games/mario-kart-world;https://cdn2.steamgriddb.com/grid/c2526ac91cf2dba8f8b1b58935c7597c.png;https://www.steamgriddb.com/search/grids?term=Mario%20Kart%20World
14;Hearthstone;PC;15000;FALSE;15000;9,1;2014;Card & Board Game;https://www.igdb.com/games/hearthstone;https://cdn2.steamgriddb.com/grid/f30259f76102eefd8b482ee4b68b1ef7.png;https://www.steamgriddb.com/search/grids?term=Hearthstone
15;Kingdom Hearts II;PlayStation 2;15;FALSE;15;9,1;2005;Role-playing (RPG);https://www.igdb.com/games/kingdom-hearts-ii;https://cdn2.steamgriddb.com/grid/4de0f7455c14e8aee7baa617ea72c6a3.png;https://www.steamgriddb.com/search/grids?term=Kingdom%20Hearts%20II
16;Slay the Spire 2;PC;100;FALSE;100;9,1;2026;Card & Board Game;https://www.igdb.com/games/slay-the-spire-ii;https://cdn2.steamgriddb.com/grid/3b8a2395c9d71ba8fd80df1c4e02d4d4.png;https://www.steamgriddb.com/search/grids?term=Slay%20the%20Spire%20II
17;Ratchet & Clank: Size Matters;PSP;50;FALSE;50;9;2007;Platform / Adventure;https://www.igdb.com/games/ratchet-clank-size-matters;https://cdn2.steamgriddb.com/grid/0d98926befdf0c51782d5abe931165ac.png;https://www.steamgriddb.com/search/grids?term=Ratchet%20and%20Clank%20Size%20Matters
18;Need for Speed: Underground;PC;100;FALSE;100;9;2003;Racing;https://www.igdb.com/games/need-for-speed-underground;https://cdn2.steamgriddb.com/grid/0959494b92b81147796ce901ea4f9927.png;https://www.steamgriddb.com/search/grids?term=Need%20for%20Speed%20Underground
19;Need for Speed: Underground 2;PC;60;FALSE;60;8,9;2004;Racing;https://www.igdb.com/games/need-for-speed-underground-2;https://cdn2.steamgriddb.com/grid/8e4374a54f3a61fa403d8d70c99bca08.png;https://www.steamgriddb.com/search/grids?term=Need%20for%20Speed%20Underground%202
20;Dragon Quest IX: Sentinels of the Starry Skies;Nintendo DS;100;FALSE;100;8,5;2009;Role-playing (RPG);https://www.igdb.com/games/dragon-quest-ix-sentinels-of-the-starry-skies;https://cdn2.steamgriddb.com/grid/06bbab2c4235d22de7f79faf7045cf9d.png;https://www.steamgriddb.com/search/grids?term=Dragon%20Quest%20IX%20Sentinels%20of%20the%20Starry%20Skies
21;The Legend of Zelda: A Link Between Worlds;Nintendo 3DS;15;FALSE;15;8,5;2013;Adventure;https://www.igdb.com/games/the-legend-of-zelda-a-link-between-worlds;https://cdn2.steamgriddb.com/grid/6e2376385359dc8bb6ee14e594e924d3.png;https://www.steamgriddb.com/search/grids?term=The%20Legend%20of%20Zelda%20A%20Link%20Between%20Worlds
22;Sonic Advance 3;Game Boy Advance;25;FALSE;25;8,4;2004;Platform;https://www.igdb.com/games/sonic-advance-3;https://cdn2.steamgriddb.com/grid/8cf0d40421ea59393eb9324a2c0713f5.png;https://www.steamgriddb.com/search/grids?term=Sonic%20Advance%203
23;Patapon 2;PSP;40;FALSE;40;8,4;2008;Music / Strategy;https://www.igdb.com/games/patapon-2;https://cdn2.steamgriddb.com/grid/1bf68077045b86e13eae646eeb1cbe10.png;https://www.steamgriddb.com/search/grids?term=Patapon%202
24;MotorStorm: Arctic Edge;PSP;30;FALSE;30;8,3;2009;Racing;https://www.igdb.com/games/motorstorm-arctic-edge;https://cdn2.steamgriddb.com/grid/ed7b30e31263ee128e772afef5159a3a.png;https://www.steamgriddb.com/search/grids?term=MotorStorm%20Arctic%20Edge
25;The Legend of Zelda: The Minish Cap;Game Boy Advance;10;FALSE;10;8,3;2004;Adventure;https://www.igdb.com/games/the-legend-of-zelda-the-minish-cap;https://cdn2.steamgriddb.com/grid/a687f78b9842c87225e74921765feb1b.png;https://www.steamgriddb.com/search/grids?term=The%20Legend%20of%20Zelda%20The%20Minish%20Cap
26;The Legend of Zelda: Tears of the Kingdom;Nintendo Switch;40;FALSE;40;8,3;2023;Adventure;https://www.igdb.com/games/the-legend-of-zelda-tears-of-the-kingdom;https://cdn2.steamgriddb.com/grid/ae758fbcbd5bd841516c53b3c08ebc6f.png;https://www.steamgriddb.com/search/grids?term=The%20Legend%20of%20Zelda%20Tears%20of%20the%20Kingdom
27;Patapon;PSP;20;FALSE;20;8,3;2007;Music / Strategy;https://www.igdb.com/games/patapon;https://cdn2.steamgriddb.com/grid/002cfd451acfee03db872d0d6a7c82d7.png;https://www.steamgriddb.com/search/grids?term=Patapon
28;Pokémon Mystery Dungeon: Rescue Team DX;Nintendo Switch;20;FALSE;20;8,2;2020;Role-playing (RPG);https://www.igdb.com/games/pokemon-mystery-dungeon-rescue-team-dx;https://cdn2.steamgriddb.com/grid/b43e49b1fc20ff9f2658bfcc9bcd8586.png;https://www.steamgriddb.com/search/grids?term=Pokemon%20Mystery%20Dungeon%20Rescue%20Team%20DX
29;Slay the Spire;PC;15;FALSE;15;8;2019;Card & Board Game;https://www.igdb.com/games/slay-the-spire;https://cdn2.steamgriddb.com/grid/9ad067558ea2bd2a1239bfa2da998146.png;https://www.steamgriddb.com/search/grids?term=Slay%20the%20Spire
30;The Last of Us;PlayStation 4;15;FALSE;15;7,9;2013;Adventure;https://www.igdb.com/games/the-last-of-us;https://cdn2.steamgriddb.com/grid/849d7b8124e44421cf640466299db4dc.png;https://www.steamgriddb.com/search/grids?term=The%20Last%20of%20Us
31;Pokémon FireRed Version;Game Boy Advance;20;FALSE;20;7,8;2004;Role-playing (RPG);https://www.igdb.com/games/pokemon-firered-version;https://cdn2.steamgriddb.com/grid/02364616164166b84371270ca2e6eda2.png;https://www.steamgriddb.com/search/grids?term=Pokemon%20FireRed%20Version
32;God of War;PC;20;FALSE;20;7,7;2018;Hack and slash / Adventure;https://www.igdb.com/games/god-of-war--1;https://cdn2.steamgriddb.com/grid/5855660034a74cfe0e5fc8d57d17f4ac.png;https://www.steamgriddb.com/search/grids?term=God%20of%20War%202018
33;Minesweeper;PC;20;FALSE;20;7,7;1990;Puzzle;https://www.igdb.com/games/microsoft-minesweeper;https://cdn2.steamgriddb.com/grid/cca87a9f197eb3b4b2e4cafa9cccfff8.png;https://www.steamgriddb.com/search/grids?term=Microsoft%20Minesweeper
34;Killzone: Mercenary;PlayStation Vita;20;FALSE;20;7,6;2013;Shooter;https://www.igdb.com/games/killzone-mercenary;https://cdn2.steamgriddb.com/grid/985d212e6afdce1ea7dc206c8d1963a1.png;https://www.steamgriddb.com/search/grids?term=Killzone%20Mercenary
35;Counter-Strike: Global Offensive;PC;2000;FALSE;2000;7,4;2012;Shooter;https://www.igdb.com/games/counter-strike-global-offensive;https://cdn2.steamgriddb.com/grid/c6a8488de86eddf87c84edf4136a1126.png;https://www.steamgriddb.com/search/grids?term=Counter-Strike%20Global%20Offensive
36;Everybody's Golf;PSP;40;FALSE;40;7,4;2004;Sport;https://www.igdb.com/games/hot-shots-golf-open-tee;https://cdn2.steamgriddb.com/grid/026feff17561d1f394fc4575e6abc3a8.png;https://www.steamgriddb.com/search/grids?term=Hot%20Shots%20Golf%20Open%20Tee
37;Tetris;Game Boy;150;TRUE;150+;7,3;1989;Puzzle;https://www.igdb.com/games/tetris;https://cdn2.steamgriddb.com/grid/61a6ab285b480677841895cc5d251cf4.png;https://www.steamgriddb.com/search/grids?term=Tetris
38;The Legend of Zelda: Link's Awakening;Game Boy;10;FALSE;10;7,1;1993;Adventure;https://www.igdb.com/games/the-legend-of-zelda-links-awakening;https://cdn2.steamgriddb.com/grid/0ec360c243d4a23244accb3d04851604.png;https://www.steamgriddb.com/search/grids?term=The%20Legend%20of%20Zelda%20Link's%20Awakening
39;The Legend of Zelda: A Link to the Past;Game Boy;10;FALSE;10;7,1;1991;Adventure;https://www.igdb.com/games/the-legend-of-zelda-a-link-to-the-past;https://cdn2.steamgriddb.com/grid/92eadcfdb6a214b044c116a8e2245947.png;https://www.steamgriddb.com/search/grids?term=The%20Legend%20of%20Zelda%20A%20Link%20to%20the%20Past
40;The Legend of Zelda: The Wind Waker;GameCube;5;FALSE;5;7;2002;Adventure;https://www.igdb.com/games/the-legend-of-zelda-the-wind-waker;https://cdn2.steamgriddb.com/grid/304678bd2a45713cc7bfcb1a9e19c8e4.png;https://www.steamgriddb.com/search/grids?term=The%20Legend%20of%20Zelda%20The%20Wind%20Waker
41;Rayman 2;Nintendo DS;10;FALSE;10;7;1999;Platform;https://www.igdb.com/games/rayman-2-the-great-escape;https://cdn2.steamgriddb.com/grid/0980d98e422c37ac8c31e865405a6bf9.png;https://www.steamgriddb.com/search/grids?term=Rayman%202%20The%20Great%20Escape
42;Mario Kart 8;Nintendo Switch;30;FALSE;30;7;2014;Racing;https://www.igdb.com/games/mario-kart-8;https://cdn2.steamgriddb.com/grid/08685bf36516348b810ede4e3c1dfe52.png;https://www.steamgriddb.com/search/grids?term=Mario%20Kart%208
43;Sonic Rivals 2;PSP;10;FALSE;10;6,9;2007;Platform / Racing;https://www.igdb.com/games/sonic-rivals-2;https://cdn2.steamgriddb.com/grid/c2edb6cf5bc6e4b4866ccd55391b0c79.png;https://www.steamgriddb.com/search/grids?term=Sonic%20Rivals%202
44;Cyberpunk 2077;PC;70;FALSE;70;6,9;2020;Role-playing (RPG);https://www.igdb.com/games/cyberpunk-2077;https://cdn2.steamgriddb.com/grid/f39b781760a403dedaa05587e8889c1a.png;https://www.steamgriddb.com/search/grids?term=Cyberpunk%202077
45;Far Cry Primal;PC;50;FALSE;50;6,8;2016;Shooter;https://www.igdb.com/games/far-cry-primal;https://cdn2.steamgriddb.com/grid/fb50ca0b9070d89dec37223c0c8e8c6d.png;https://www.steamgriddb.com/search/grids?term=Far%20Cry%20Primal
46;Kingdom Hearts III;PC;10;FALSE;10;6,8;2019;Role-playing (RPG);https://www.igdb.com/games/kingdom-hearts-iii;https://cdn2.steamgriddb.com/grid/e4ad36b9d9965d89872343f54884f493.png;https://www.steamgriddb.com/search/grids?term=Kingdom%20Hearts%20III
47;Crashday;PC;10;FALSE;10;6,8;2006;Racing;https://www.igdb.com/games/crashday;;https://www.steamgriddb.com/search/grids?term=Crashday
48;BioShock;PC;10;FALSE;10;6,7;2007;Shooter;https://www.igdb.com/games/bioshock;https://cdn2.steamgriddb.com/grid/01c050dbc3b37794507091493d6adac4.png;https://www.steamgriddb.com/search/grids?term=BioShock
49;Mario Kart Wii;Wii;20;FALSE;20;6,7;2008;Racing;https://www.igdb.com/games/mario-kart-wii;https://cdn2.steamgriddb.com/grid/3fb22546e0a13fb8b5d7345218eef2a5.png;https://www.steamgriddb.com/search/grids?term=Mario%20Kart%20Wii
50;Sonic Rivals;PSP;10;FALSE;10;6,6;2006;Platform / Racing;https://www.igdb.com/games/sonic-rivals;https://cdn2.steamgriddb.com/grid/600c17f217ca1fc5d44e062c809cbc72.png;https://www.steamgriddb.com/search/grids?term=Sonic%20Rivals
51;MotorStorm: Apocalypse;PlayStation 3;5;FALSE;5;6,6;2011;Racing;https://www.igdb.com/games/motorstorm-apocalypse;https://cdn2.steamgriddb.com/grid/5c64eb1908aa3f7b07b9541c95692291.png;https://www.steamgriddb.com/search/grids?term=MotorStorm%20Apocalypse
52;The Binding of Isaac;PC;20;FALSE;20;6,5;2011;Shooter / RPG;https://www.igdb.com/games/the-binding-of-isaac;https://cdn2.steamgriddb.com/grid/9de4daf39d31cf4f464f452ac8278991.png;https://www.steamgriddb.com/search/grids?term=The%20Binding%20of%20Isaac
53;Getting Over It;PC;1500;FALSE;1500;6,3;2017;Platform;https://www.igdb.com/games/getting-over-it-with-bennett-foddy;https://cdn2.steamgriddb.com/grid/ef2e83d7af305391f3ffa6618660513e.png;https://www.steamgriddb.com/search/grids?term=Getting%20Over%20It%20with%20Bennett%20Foddy
54;Skate 3;PlayStation 3;10;FALSE;10;6,2;2010;Sport;https://www.igdb.com/games/skate-3;https://cdn2.steamgriddb.com/grid/cb5afcadcac972f1c6d743c96936ebe3.png;https://www.steamgriddb.com/search/grids?term=Skate%203
55;Super Mario Bros. 3;Game Boy Advance;10;FALSE;10;6,2;1988;Platform;https://www.igdb.com/games/super-mario-bros-3;https://cdn2.steamgriddb.com/grid/c5279e07367ef7ba59d6e772bfd9ac5d.png;https://www.steamgriddb.com/search/grids?term=Super%20Mario%20Bros%203
56;The Legend of Zelda: Ocarina of Time;Nintendo 64;15;FALSE;15;6;1998;Adventure;https://www.igdb.com/games/the-legend-of-zelda-ocarina-of-time;https://cdn2.steamgriddb.com/grid/ed89e6477ff6a465891a5f17f77948ae.png;https://www.steamgriddb.com/search/grids?term=The%20Legend%20of%20Zelda%20Ocarina%20of%20Time
57;Sonic Chronicles: The Dark Brotherhood;Nintendo DS;10;FALSE;10;6;2008;Role-playing (RPG);https://www.igdb.com/games/sonic-chronicles-the-dark-brotherhood;https://cdn2.steamgriddb.com/grid/d5b8a7260a04e6aa55594282e426bdb7.png;https://www.steamgriddb.com/search/grids?term=Sonic%20Chronicles%20The%20Dark%20Brotherhood
58;Wildfrost;PC;10;FALSE;10;6;2023;Card & Board Game;https://www.igdb.com/games/wildfrost;https://cdn2.steamgriddb.com/grid/b917669ef1e5df19c822441a15f2d1b4.png;https://www.steamgriddb.com/search/grids?term=Wildfrost
59;Balatro;PC;10;FALSE;10;5,8;2024;Card & Board Game;https://www.igdb.com/games/balatro;https://cdn2.steamgriddb.com/grid/d70b4d9fdf0af0a00814b91fa82b3d4c.png;https://www.steamgriddb.com/search/grids?term=Balatro
60;Pogostuck;PC;450;FALSE;450;5,7;2019;Platform;https://www.igdb.com/games/pogostuck-rage-with-your-friends;https://cdn2.steamgriddb.com/grid/7e54279a7509b2d16c249b1b0fe7d8a8.png;https://www.steamgriddb.com/search/grids?term=Pogostuck%20Rage%20With%20Your%20Friends
61;Gunfire Reborn;PC;20;FALSE;20;5,7;2021;Shooter / RPG;https://www.igdb.com/games/gunfire-reborn;https://cdn2.steamgriddb.com/grid/819cf1304065c4ae95f2babaf8a03fd7.png;https://www.steamgriddb.com/search/grids?term=Gunfire%20Reborn
62;Donkey Kong Country;Game Boy;5;FALSE;5;5,5;1994;Platform;https://www.igdb.com/games/donkey-kong-country;https://cdn2.steamgriddb.com/grid/befa1d1faf9bc95c1a29d30ea9a751a2.png;https://www.steamgriddb.com/search/grids?term=Donkey%20Kong%20Country
63;Dead Cells;PC;5;FALSE;5;5,2;2018;Platform / Adventure;https://www.igdb.com/games/dead-cells;https://cdn2.steamgriddb.com/grid/0816d3a34b9f13e7e964d4d1d83aa505.png;https://www.steamgriddb.com/search/grids?term=Dead%20Cells
64;Yoshi's Island;Nintendo 64;10;FALSE;10;5;1995;Platform;https://www.igdb.com/games/super-mario-world-2-yoshi-s-island;https://cdn2.steamgriddb.com/grid/59857cc70355243795b398b32447b862.png;https://www.steamgriddb.com/search/grids?term=Super%20Mario%20World%202%20Yoshi's%20Island
65;Mario Kart 64;Nintendo 64;10;FALSE;10;4,8;1996;Racing;https://www.igdb.com/games/mario-kart-64;https://cdn2.steamgriddb.com/grid/8908077ce7fd405516d81c2c929de429.png;https://www.steamgriddb.com/search/grids?term=Mario%20Kart%2064
66;Zeus Pinball;Nintendo DS;2;FALSE;2;4,7;2009;Pinball;https://www.igdb.com/games/pinball-pulse-the-ancients-beckon;;https://www.steamgriddb.com/search/grids?term=Pinball%20Pulse%20The%20Ancients%20Beckon
67;The Legend of Zelda: Majora's Mask;Nintendo 64;7;FALSE;7;4,2;2000;Adventure;https://www.igdb.com/games/the-legend-of-zelda-majora-s-mask;https://cdn2.steamgriddb.com/grid/958c6e525626a72dc5722a63f638a80b.png;https://www.steamgriddb.com/search/grids?term=The%20Legend%20of%20Zelda%20Majora's%20Mask
68;Stronghold;PC;3;FALSE;3;4;2001;Real Time Strategy (RTS);https://www.igdb.com/games/stronghold;https://cdn2.steamgriddb.com/grid/3e50a0fc0b92dacaa9f5aec3ab801fa6.png;https://www.steamgriddb.com/search/grids?term=Stronghold%202001
69;Kirby;Game Boy;2;FALSE;2;3,9;1992;Platform;https://www.igdb.com/games/kirby-s-dream-land;https://cdn2.steamgriddb.com/grid/c895dc8a5716d0b0a4a47459e03e89a0.png;https://www.steamgriddb.com/search/grids?term=Kirby's%20Dream%20Land
70;Unit 13;PlayStation Vita;10;FALSE;10;3,2;2012;Shooter;https://www.igdb.com/games/unit-13;https://cdn2.steamgriddb.com/grid/c783ba88865e0f3c72213d432e5c0045.png;https://www.steamgriddb.com/search/grids?term=Unit%2013
71;SOCOM;PlayStation Vita;3;FALSE;3;2,8;2005;Tactical / Shooter;https://www.igdb.com/games/socom-us-navy-seals-fireteam-bravo;https://cdn2.steamgriddb.com/grid/d4a2323bcb179e26f9c4e39398c52813.png;https://www.steamgriddb.com/search/grids?term=SOCOM%20US%20Navy%20SEALs%20Fireteam%20Bravo